{
  "layer1": {
    "illicit": 0.10530566424131393,
    "licit": 0.13639219105243683,
    "unknown": 0.3318125009536743,
    "self_loop": 0.7017419338226318
  },
  "layer2": {
    "illicit": 0.13061082363128662,
    "licit": 0.19521929323673248,
    "unknown": 0.36452701687812805,
    "self_loop": 0.6540452837944031
  },
  "layer1_self_vs_neighbor": {
    "self": 0.7017419338226318,
    "neighbor": 0.25933200120925903
  },
  "layer2_self_vs_neighbor": {
    "self": 0.6540452837944031,
    "neighbor": 0.30080360174179077
  }
}