{
  "val_f1": 0.913681738109219,
  "val_f1_at_0.5": 0.8996029495178672,
  "val_roc_auc": 0.97161561990217,
  "val_threshold": 0.8605799674987793,
  "val_report": {
    "licit": {
      "precision": 0.9852077441809876,
      "recall": 0.9987870768552211,
      "f1-score": 0.99195093905711,
      "support": 9069.0
    },
    "illicit": {
      "precision": 0.9860583016476553,
      "recall": 0.8512035010940919,
      "f1-score": 0.913681738109219,
      "support": 914.0
    },
    "accuracy": 0.9852749674446559,
    "macro avg": {
      "precision": 0.9856330229143214,
      "recall": 0.9249952889746564,
      "f1-score": 0.9528163385831645,
      "support": 9983.0
    },
    "weighted avg": {
      "precision": 0.985285617518114,
      "recall": 0.9852749674446559,
      "f1-score": 0.9847849519123266,
      "support": 9983.0
    }
  },
  "best_params": {
    "n_estimators": 400,
    "max_depth": 6,
    "learning_rate": 0.1,
    "min_child_weight": 1
  },
  "scale_pos_weight": 7.634893125361063
}