{
  "model": "GraphSAGE (Phase 4)",
  "method": "KernelSHAP on exact 2-hop receptive field (graph fixed, target features perturbed)",
  "n_anomalies": 20,
  "background": "k-means(10) over 400 random node feature vectors",
  "nsamples_per_node": 200,
  "node_ids": [
    195359,
    186736,
    176879,
    191858,
    189707,
    174354,
    178839,
    191711,
    198073,
    192130,
    176940,
    186849,
    179006,
    196636,
    178834,
    178889,
    189998,
    179073,
    179047,
    195095
  ],
  "node_scores": [
    1.0,
    1.0,
    1.0,
    1.0,
    1.0,
    1.0,
    1.0,
    1.0,
    1.0,
    1.0,
    1.0,
    1.0,
    1.0,
    1.0,
    1.0,
    1.0,
    1.0,
    1.0,
    1.0,
    1.0
  ],
  "node_labels": [
    "unknown",
    "unknown",
    "unknown",
    "unknown",
    "unknown",
    "unknown",
    "unknown",
    "unknown",
    "unknown",
    "unknown",
    "unknown",
    "unknown",
    "unknown",
    "unknown",
    "unknown",
    "unknown",
    "unknown",
    "unknown",
    "unknown",
    "unknown"
  ],
  "mean_abs_shap": {
    "feat_76": 0.502732,
    "feat_88": 0.127137,
    "feat_148": 0.07647,
    "feat_79": 0.024172,
    "feat_142": 0.017676,
    "feat_89": 0.01349,
    "feat_137": 0.008084,
    "feat_87": 0.007814,
    "feat_35": 0.007328,
    "feat_27": 0.005309,
    "feat_109": 0.005017,
    "feat_106": 0.004948,
    "feat_53": 0.004358,
    "feat_132": 0.00412,
    "feat_55": 0.003761
  },
  "top_15_features": [
    "feat_76",
    "feat_88",
    "feat_148",
    "feat_79",
    "feat_142",
    "feat_89",
    "feat_137",
    "feat_87",
    "feat_35",
    "feat_27",
    "feat_109",
    "feat_106",
    "feat_53",
    "feat_132",
    "feat_55"
  ],
  "mean_subgraph_size": 2.9
}